x1,x2,x3,y
-0.39630102547675783,-1.1021785715624415,-0.8284893755872255,2.447996501646041
1.5769573316843197,0.11944662666471825,-0.8791793021843584,4.975716229182029
0.8278925581457219,1.2529921142585654,1.3900474712706063,8.330854430084877
0.3712506055506405,0.7711432689198592,-0.8703423105240532,0.6183776650238311
-1.1446846615189399,1.0256813592546419,-0.7932293889168729,-3.1250777464510584
-1.1447672670959146,0.5196689035117085,0.8845681282283758,3.0594208693933265
-1.480088636866176,0.6343544478547074,-0.18127593428426794,-1.4590703019381914
1.287434413835989,1.1716680546196998,0.9441570337808376,8.145224891107416
0.3796636230281971,-0.881201141339254,-1.5042898858025664,1.5439699541231051
0.7459676255872398,-0.060238717035897,-0.05106045013259841,5.850820595356466
-1.608514118821392,-0.9786473831388673,-1.6135821658503704,-3.526120088942912
1.6426974705055226,1.645817392799688,-1.5136278719270317,0.1653961504735139
1.1719052526132527,1.4964950171934965,1.390676919399318,8.534002324040868
-0.9518005633224259,-1.6010973517992169,-1.2499976850057128,0.6137500704132373
-1.0563041837828135,0.67989080141576,0.10331145791376072,0.40310642394935353
-1.0508946291817043,1.432083361393575,-0.31428938051509414,-2.057339870119347
-0.6370543845835687,-1.1177843961190408,-0.5337246705930749,2.6578768593522817
0.11815380603631936,0.2086260119854059,1.3679455855144012,8.126547771403857
-0.1997030162164191,1.3986636445550988,-1.6541640376410185,-4.4218294651863514
-0.6816211394487016,-1.619864514455862,0.555483476424163,7.112831563956812
0.41643829600773924,0.6519672285395907,1.5867228072663588,8.929477894106768
-1.201278067689366,-0.7179345192385114,0.19881833737286878,2.870476915350026
-0.6784857430418858,1.4291655725199162,1.4952620978150466,4.532128147452864
-0.4243096571228866,1.5889431670932501,-1.5494085703654623,-4.828800995127792
-0.11708079716436152,1.4972043267348567,-0.2877938458579039,0.20312979381130739
1.0100282158260128,-0.11232251052617799,-0.83381722142004,4.203885872957317
-0.9951762748478615,1.2156580352300639,0.7862050906615698,1.8037542750043463
0.08211850369054709,1.1557586135147393,1.6483437375326495,7.267025946396112
0.34986669356335476,-0.6434543600729233,-0.846303860412499,3.283365712607324
-1.5199295539485536,1.1022257995217015,0.5223883616821076,-0.08615951596941396
0.40168428292813196,-1.6093809618895496,-1.0474282420584815,4.452950171513318
-1.095006861549009,0.3056136954193751,0.21658618248166,1.3097388868244102
-1.4562249743199458,-0.9485169827823666,-0.1324248628559477,1.6773873602243512
1.5706942360798262,-1.323262023707041,1.6163615032047542,15.47609880797041
1.6280469664619206,-1.4726015742667493,0.3652702883150268,11.892944871984193
1.089555894097677,0.6480928387519685,-0.5262794683830606,3.7973787931948473
-0.6357819964374568,-0.5723195055270609,-1.3365625430204078,-0.859320090230814
-1.3445075161114342,0.7456056069204751,-1.2086886763752225,-4.663585961562983
0.6643228820056015,-1.512310899863179,-0.9537394403770223,5.4200204566737336
-0.17159438313825542,-0.6565008137539354,-0.8654530830774116,2.0867905745361033
-1.2610593981397495,0.11119562007849733,1.1985397155584125,4.297907692072442
0.016851041521658654,0.9714498190270301,0.20244828641975854,2.848401360079479
-1.5612386388157367,-0.6446458606511405,0.07223099285960971,1.3387522037744544
1.435193140541917,0.40704198055300467,-1.334245778106889,2.5207184029766485
-0.7927517224712991,1.2976152634549407,1.2313200622420937,3.614293621798523
0.5899687989373855,0.3727040163076241,0.7586461665044509,7.08675797883413
-0.6114754230300995,-0.9384135741473445,-1.496365700107678,-0.7201003457671299
0.10209712506951521,-1.6525486470210946,0.7070877501202079,9.392115440488274
0.19334046729741866,1.2432437054693635,0.14157800575264012,2.7192888497470356
-1.0459289131245668,-1.663270912361137,-1.4479815716492972,-0.24754123613549625
1.6415836549718772,1.259004352959646,-0.1518096699122736,5.27978660304933
0.9756328776082358,0.07505665830462085,-0.06095587642140156,6.126603491737726
1.5385473978688817,1.4794029172253438,-1.1586843039140327,1.420985462682955
1.3855579157979054,0.9990486654528717,1.5258121991945213,10.52104071806946
0.3686529065837496,1.6809700098917042,1.196334473558799,5.891501773072318
1.4781870064709133,-0.535212560962983,0.5734942579936261,10.62807785666929
-1.3759454846904693,0.8908630064426499,-0.1380591599153461,-1.6151645587448105
-1.007816789432221,-0.35983097492336436,-0.31198345100668223,1.2127799798480379
-1.5241184595450872,-0.09293704716502713,0.5113700596060256,2.074514382222772
-0.5648327432926137,0.4125688467006674,0.14809595481847862,2.204374944251134
-0.3478846071209848,1.2554961167585224,-1.5149361675060762,-3.8955224996117606
-0.7497057411820196,1.633543414496388,0.03475360067757308,-0.5496377850390584
1.1592160656493262,0.8945786308623533,1.0463605262552276,8.523897831963367
-0.45721652121077944,-0.30560667492708243,-0.14857682002948247,2.839854605646029
-0.7168777790683689,-0.2933132429900285,-1.5504456507130595,-2.1238905458863115
0.17959280844635836,0.789487831886076,0.9770888522539429,6.181737782016142
-1.1963794130558878,-0.9184930287587638,-1.0361861582155656,-0.5983091596398026
1.0683211234684586,-1.3578211342311715,-0.8391074231397323,6.463796017880162
-1.4236930046958003,-0.5218229848137348,-1.1623610018865584,-2.3004367530189507
1.700839911579226,-0.7525526725323689,-0.592680134173839,7.577470947318935
0.9657419853370435,-0.7214986663024215,0.8754579934380248,10.619249912350792
-0.9984575396189838,-0.9361937825242449,0.05844560715428611,3.4929899016326744
-1.6600991468829436,-1.591967287693834,-1.024078953188689,-0.584698473969065
1.113748674448217,-1.6748975127538825,1.2922103542206067,13.92991264760209
0.741805740871809,1.646003603725845,1.2982399687254487,6.8929650151388655
0.8176635745663654,-0.27134348264749525,1.2672501693585874,10.639203222730668
0.9624048216780332,-0.4201105245845475,-0.9073437632275424,4.315916700290546
-1.4254259057125815,0.591109963733583,-0.1761146503886331,-1.1973486819454602
-0.45135195571024295,-0.9887676265406214,1.6610535458663405,10.079208521256852
-1.282187343506042,1.5167037839376432,0.9279862435229496,1.0006130863225822
1.2769110853851935,0.9564583999509599,-1.6357699092635984,0.2926494764971002
0.4556354700372331,-1.4299442663297974,-1.504845996906294,2.7955147305173655
-0.5457647268330907,-0.3062435876321718,-0.13242868304836655,2.760699639812985
-1.461338972307328,1.2741275483636936,1.4002551515951602,2.5166040414912607
-0.6139712319180345,1.4987983795402466,0.1249310536331979,0.18954500086279763
-0.5653362129449694,-0.1356501973185083,-0.015809853345837767,2.743285599220875
0.8197150411197923,0.36430870268912946,-1.366239753255723,1.0084174679735671
0.5044703039541545,-1.1641521012413483,0.5313565020265426,9.1395950657489
1.3594797107976253,1.6578040146586235,1.1003983434217963,7.892250325834468
-0.06178824790908345,-0.9428230960688148,-0.4198747571294595,4.03835402026302
-1.2694294737846106,1.4919492410988968,0.9403752884031742,1.3250769948711587
0.763681201962279,0.4883834630747871,1.5904478066644794,10.257691160566463
0.9264951914156946,0.3448780725169603,-1.0279161457094492,2.276899512227908
0.2432286673390828,0.019419027477691364,0.07202006652468212,4.872552412291364
0.9613665483585547,-0.9462537109161139,-0.7409515052668455,5.685330756636352
0.012120373342262956,-1.1316429805150703,0.9997241956373473,9.2927244458554
0.11122345383023413,-0.9811238364782091,0.25879580293566873,6.901650522531851
-0.21478566058348053,-1.0977089218870708,0.4549520784736498,6.871317779022074
-1.5919566626070591,0.9333093321383789,1.0171398191421257,1.5166224003294333
-1.3095088209404597,-0.5372210143575531,-0.36635006706485324,0.45185145365328994
-1.571373652656955,-1.5380387708722751,1.420459214325076,7.293885950219826
0.5005418983427182,1.582246858938141,0.10540483015352005,2.6574236354363614
-0.6024172580133582,1.2901100071933687,-1.18559976542603,-3.6288782363496908
0.06272152820465005,1.4406573016932507,0.666004118634442,3.623257858182913
1.4291863574199672,1.670607563294441,1.0011248532435295,7.837677016570481
-0.8252449983226386,-1.140658008840833,-0.6389866854797938,2.094039142105155
-0.27354802050825977,-0.3793105716430163,1.221130242416904,7.8485004292838685
0.9085703051281946,0.8602175539653686,1.3896642880997043,9.193900337655414
-0.8954322494297079,0.6471746276503524,-0.7761751042016063,-1.8372867757597509
-1.4153733509629505,-1.2091386459499083,1.6560000595536593,7.984416602966097
-0.6866818638718128,1.057429947440149,-1.2449511738856325,-3.5963267947142157
-1.1268668444040952,-0.9675835275171027,-1.033942366147285,-0.30986409131479353
1.504980333802155,-0.969716622262746,-1.0951783875482708,6.051594809691929
1.0886073432569947,0.10257749563911593,1.3478317956389865,10.726174369804106
0.4902448271666244,0.2942114876868044,0.5227943484274375,6.45588891148704
1.30553236811018,0.25019847087168207,-1.2057373186362645,3.0438433367970497
1.0733729738614775,-1.4228363073311612,-0.2136872593151204,8.484409947623542
-1.040053383220982,1.2684522176498334,0.38857521319522925,0.3638870159473387
1.3777893546325266,-0.8266475579136731,-1.4419968324060262,4.386382026407751
0.16810670684131374,-1.292622658404841,1.3079963620355504,10.911644528787823
1.0862777378846635,1.3071012788884826,1.0367226467100001,7.787722316960992
1.389886639575441,1.5361882414799857,0.00964120342110729,4.976816864684109
-0.5899254665249007,1.2159489720252217,1.5995689717856856,5.376500290493045
-1.302109635230039,1.0357994554059096,-0.29134715871612077,-2.1901284760126987
-0.8983878274814014,0.5075426863705494,1.6580268681750114,6.1765214335500325
-0.21626936847646144,0.15011471274903973,0.5697000095685819,5.084316376992652
1.1224932426803087,-1.4382452222720086,0.4552579197427248,10.828813212582629
1.268784668704726,-0.33749768001338,-1.1580635216754975,4.2189802927564095
-1.6552016940496028,-0.4599611622803364,1.3063145664076592,4.736271889512784
0.07017590008287265,-0.8466659921033153,-0.2578609504391783,4.94357535689094
-0.24947853229196634,0.7409944560732569,-1.1708728859481603,-1.764865668771781
-0.9183451102317494,-0.038150344412070436,-1.6858850790674849,-3.450086618032869
-1.2685009480526541,-1.4585865025130929,0.19739851327227448,4.285130112180021
-0.5227601114683049,-0.9821613766002022,0.0860289724200111,4.659617252175302
1.5502284406045943,0.603476195913485,0.7467345055031641,9.123908652886481
-0.5721185735819379,-1.4754173924630303,1.334987434918498,9.583373452915783
0.09772233847917143,1.1785549077072812,-1.4559627457283868,-2.5748868389849675
0.7286601933118887,-0.040647258093829346,0.7885302484716391,8.413571221164636
-0.43366692673768936,-0.090502627685979,-1.0842083748758544,-0.3881905445579549
1.6491094109859554,0.2923893286422245,1.2245646560884331,11.323112319772106
1.6171400024380587,1.087726232067257,1.089935881497522,9.57135383455673
-0.8167171173704272,-0.5451515082306445,0.13213156826059977,3.2933281624165938
0.02394576005640995,0.5855247386860978,0.715375056613863,5.245807769430432
-0.6485750485254561,0.201047467789393,-0.6472872866621076,0.08972081969358955
-0.7035007186254795,-0.8217571004995077,-0.10752057902791584,3.2506944420181587
-1.5526821283664685,1.272455466057242,1.0987934668850419,1.4253344528877245
0.4086005245343608,0.9944013682196071,-0.14848967006591784,2.728515611296491
0.04254397904855462,0.5185336899049583,-0.497738777720411,1.5522592002375624
-1.502708700878207,1.1764141841717795,-0.02820126001808144,-1.88552412615741
-0.7247137857912573,1.2336401004385902,1.1215531871777173,3.5906386831579784
1.4315816758565223,0.6894366454395162,-0.5754942919424266,4.553447793356364
-0.8585690731282903,1.1299540213467818,-1.1311928732318812,-3.7033386495336673
-1.182780899316425,0.652142525632424,0.7214716004782225,2.1447694887825537
-0.0027527983254338846,0.5927997415394691,1.1137362700362907,6.428810860080726
1.6966052557071314,0.38211421570672954,-1.3828860240078809,3.0199572215147175
-0.8500298419456785,0.841309989872054,-0.903633627459217,-2.613601247501284
0.6228919184839086,-1.193013668917876,-1.2406126655636176,4.029603312989245
0.9293533821751144,1.2801281957504955,-0.5316660613332079,2.4422892648943066
-0.865159498801019,1.2492176520890939,-0.17917240303884083,-1.1199496471080088
0.8149552077543549,-1.6359535263232559,0.8481795682907577,11.564033189623816
-0.4194420818349368,1.09161532263426,0.5119693727120138,2.6729758135212833
0.48648469431492325,-1.2948314157675405,0.4079555361833602,8.90709247969343
0.4906761902556474,-0.5886051110737993,-0.5164058369043459,4.6885693810097875
0.15588867716182223,0.8097791562542791,1.1669817286716606,6.6409651640407965
-1.3697902729810167,-1.1856353543080755,-0.10711005705453769,2.3543703467271837
1.1816995691309224,1.0647367261039218,1.6407983502397543,10.321065489023395
-0.5804163119325451,1.1132471060066091,0.4534366375908311,2.0047009702767333
-1.0402299244186832,0.0015423324870212582,-1.2946770027465166,-2.968247455586954
-1.539365996083055,-1.7142342989302832,0.5981225365097311,5.128218901640492
0.34465549069777685,-0.7532404409608133,-0.6102723627306823,4.179459316309691
0.6414843054518645,0.3763463820491984,0.6330575716610004,6.969592647147157
-1.6222017388299161,1.6236226712732527,-1.4895753711877953,-7.44614044290725
0.07478479055713325,0.42732027905470027,-1.1273383708375024,-0.1529491460382045
-0.9033173837979777,-0.8464954789462898,1.2161668860008092,7.125779469193728
0.5305509446537854,0.4348266064234912,-0.9473282793116343,1.6044191264726742
-1.0818478876786415,0.11288744645848668,1.1518148071566952,4.826259048800467
0.6872849106134793,0.9342027653097633,-0.7680120549733302,1.6210181721066512
-0.3545352973186477,-1.3697832945647301,0.4835189258175105,7.187217308857496
1.5290643987597516,0.8697689540009356,0.6599856291549732,8.574685249476563
-1.208034833382065,0.11727445665126107,0.03527714382778331,0.7686169112888825
-0.5109406491827985,1.561323192424056,-0.6784010206570072,-2.2112534277415747
-1.2903914873950042,-0.5654807966379285,-0.9973583608368162,-1.492298152215205
1.4878427176966864,0.43008824133535545,-1.6150424189772978,1.8328634837449485
1.3256657216190417,1.4552983345534463,-0.68309685581166,2.41684871210548
-0.7956228833897695,-1.3850923386852787,0.5189057091326527,6.122870589023058
0.5812759416641259,1.4731051923077205,1.5003643675483809,7.573257492737446
1.1197788952366543,0.619319570245079,1.269405057856859,9.844349868726914
0.22241850323327766,-1.5038165622681294,0.9075142651051639,10.258807162896593
0.13491508436554076,-0.7055577454612841,0.9845550439177629,8.633296055636366
-0.850725001839578,0.6887830171322316,0.5595974135268076,2.4295831989488073
-1.3601564305742844,-1.5054822634398008,-0.833372974260524,0.5717254946473361
1.3937376385485685,0.2573352517595846,1.3932845001415028,11.353800552589446
1.4047047450498193,-0.551746927138447,0.5793799892772851,10.337220592118628
0.48920952480675284,0.3900039221575315,0.1997561015391863,5.129387998213139
-0.517915378578321,-1.5794731184904531,-1.3472544793748373,1.4797204814720861
-0.48305206219711905,1.248167393077071,-0.19051528831875944,-0.020684403115486
0.8072129562673446,1.597266317007821,-0.1447273100321993,2.5420638778758224
1.393376333206995,1.5814771973858917,1.2465471785814206,8.569255448766334
1.35904710088792,0.8308156454812486,0.15228263334597736,6.491592346603619
0.9918755642886707,-1.2906663801947447,-0.41994173340057617,7.667919125477367
0.5197932792006208,0.8603021995841253,1.6328658859552858,8.817511742583244
-1.390851879853114,-1.6519112942454581,-1.34817994998829,-1.0058576484673936
-1.1254715052245232,-1.6603462113745076,-0.274868762517368,3.4824608948944062
1.3983214421485004,-0.628012339066473,-1.584631251690238,3.594367228019229
0.3978629621997647,-0.06291562146059679,0.8174693064533368,7.636978031591528
-1.6475133779316082,0.9018857684272371,1.4307386894252296,2.8896488867749315
-1.331495383823009,0.6036015639291182,-0.7653918636590369,-3.1280500122405415
0.5933232992229059,-0.20926520875442994,1.225131290547614,9.78074330422732
-1.6616763628672147,-0.7991632396719731,-0.7234652113372779,-0.9980036347534655
-1.128282078000923,1.6781977870908507,1.4055900983017737,2.74885411675362
0.20027050364837073,-0.27679414349864434,0.8658561850109036,7.668255914224125
0.6905639799970846,-0.1904861123718345,1.0412084026867112,9.409720556999828
0.5537998226138641,-1.175828861183254,-1.6673016022659133,2.0730839168076356
-0.9109424947766561,0.985442187445305,1.5847124141652218,5.045465926552953
0.7600318944885263,0.6391676349415384,0.7719208868391434,7.130190198975503
-0.8664898691002824,-0.9801534212338386,-0.6803270991323047,1.3801946843308062
-0.564595176603871,-1.45401585289728,1.1254956959228357,8.707745281179479
0.8775428917513319,0.5940274010931689,-0.7602843880771435,2.756811489746132
0.5458257466725067,0.5050404368682964,1.274737944598217,8.620498114698293
1.229375362785803,-0.800420377578463,-1.341778529734979,4.197041734458067
0.573155309011007,1.5197936575040893,0.6928064828099925,4.918064233508135
0.26730954511841776,-1.2188564174932917,0.13180362027952583,7.139127857715098
-1.3581974677320505,-0.25572367527055867,-1.3970085757711992,-3.4355861611116367
-0.4196726697661423,1.4949766847487025,-0.8966817681267596,-2.6145418266728258
-0.7707565909950729,-0.2988935208917537,-1.6865854698136098,-2.5238773341830796
-0.8434050823921253,0.45030457635115684,-0.11578114832840959,0.5992426793592771
1.6533166329597846,-0.3746798305127479,-0.692325339449993,6.738691914957675
-0.3327456778709571,-0.797148007217953,0.33026588383956335,5.7595389239481065
1.3760343592309472,1.6331810672961835,-0.7061878300043165,2.2686225613794377
0.48248729860731304,-0.3344817167941336,-0.6969587842267683,3.7538792756415784
1.0430269509816659,1.3254242992984333,0.8287903104814422,6.9111431795182865
0.042400378434828065,-0.948702678913184,-1.5635725465199757,0.8491495388336717
0.2967463213668376,-1.006399175340795,1.3784837809441859,10.959220352750165
0.0077438637171687846,-1.6294928512600955,1.204211498958195,10.92828047646918
-1.010350682499376,0.49530083864300223,0.5693030934333493,2.513998606561962
0.7952140914795506,-0.47421304446836327,0.31258807082882395,7.779332806644546
-0.7174330944854819,1.2235869799715784,1.342024413581911,4.166514103839693
-1.5957347220085343,-0.11576141283082944,-1.091373807049507,-3.2936605082238306
0.5315766791263551,1.5791336192643006,-1.4574683534994821,-2.2574014044979616
-1.0724494884499105,-1.1008342974648613,-0.9048863184791391,0.39838933771719315
1.5418339441835514,1.2381906752808556,1.0056577193896756,8.967690160468715
1.5879654372990424,0.9230792873141832,-1.6099451203560329,1.1108163254340915
1.454179969818016,0.9036472401768356,0.2767405602427131,6.89017234687226
-0.41130633296770586,1.156559279758334,1.6970150727703737,6.32617797036177
-1.626075869896897,0.8697555602581502,1.2160251958650186,2.345374031781675
1.5002572822618894,0.408168336384918,0.0655355389728923,7.000964991476667
-0.21258309477392603,-1.286699037957539,-1.5102281891543237,0.891200296618389
1.6315497630201485,-1.624726111516658,1.132306894594697,14.647891840211335
1.6211561574430753,1.4170155182349593,0.33240344759339846,6.685961388726323
1.2423416584741334,0.3753992505193519,-1.3336808593177887,2.1131665006829556
-0.6705942617689046,0.9913582262434666,-1.4062234459283947,-4.148500759235553
-0.36014374504049296,-0.08729840178583391,1.4016547152328316,7.804043993954943
1.2359278227604564,-1.3344202720240825,0.5741066778138578,11.26538117666627
-0.5936292411779285,-1.307446221325257,1.125124422803248,8.350761582501999
-1.0985390803309873,0.6113740655829323,1.296164599180307,4.238471159528913
0.22789966344610507,-0.26267094279594266,0.23875987744013671,5.788135927690813
1.527094426842122,-1.049474833736238,0.051769822854360985,9.811979734510668
0.7047239895417807,-0.05280975130804142,-0.2477493120148801,4.8435131220514025
0.27331166577611776,-1.5162397758517865,-0.6383502228999717,5.459496667382315
-1.3462048965096143,0.25665364753503433,-0.23340116401237507,-0.44688502754882564
0.42724112624349325,-0.8150281970886138,0.9344130737665421,9.590427605555124
1.711685830526254,0.9948570500304003,0.3425398699186374,7.470830902958072
-1.1992569298269204,-0.6733762945884836,1.3427843788536462,6.4906958646288855
0.0961436289493382,-0.17736093987371865,-0.20316645800768288,3.9088239669985074
1.3257811995527025,-1.696310039370853,0.36032174666059236,11.580720098019379
0.8579437180367213,-1.4880318433644693,0.4436799973243758,10.30992665345766
0.7081006122918345,-0.39214584835429256,0.3073410602557629,7.386188070707906
0.7268283750785048,-0.09272059188859795,0.6891847960944841,8.197558906239445
-0.44784012906528614,0.3184565297010038,-0.9120343236928764,-0.5656038714807028
-0.6735294448791362,-0.7374056718697851,0.03427560602092378,3.898770768649405
1.0928567030768315,0.6436178595809354,-1.3705384563567928,1.2583572040871291
1.0954329418625015,1.2090828090121812,-0.4057924361107532,3.3426031716174687
1.2905035906846438,0.9342219190905855,-0.05073044862980563,5.390704749526113
1.4486187154087007,-1.6004398682132208,0.5156752861432973,12.293545381484451
0.07221396207840759,-0.09077529253694855,1.5424470568030442,9.32073729312822
0.03856191275424515,-1.3768043670072372,0.33816039232391343,7.570657106917806
1.054958388464177,-0.9073033698090122,0.8301695796435625,11.067421688688583
0.5469594509287797,1.642374707625008,0.013287264803594621,2.523433728222341
0.7250570661181063,-1.2481751361101796,0.4533054736011896,9.465631023704548
1.046387893721662,-0.027835389034020983,-1.4851315161434944,1.865703286166286
1.3690436932007413,0.38055402522678816,-0.8536645125754574,4.035543101866247
-0.5214587524750187,0.6692410208787742,-0.4837820630263932,-0.010064840927040207
-0.3927295699329981,0.18021743714946795,-0.10295836015971284,2.3840471623505017
-1.3571454772847498,-1.7026436534730394,-1.5721572041742429,-1.3278773029736923
0.30145966924314893,-0.6182497984261225,-1.2473173091647336,2.045079158405383
-1.5559174086565928,0.03661895784180731,-0.7764855022745679,-2.333306937811864
-0.08444956696215143,-1.4352328681383122,1.6147346810287082,11.558509783661952
0.17941660984627747,-0.5355032168632253,-0.5887839898134332,3.622469605643262
-0.6976760313733428,-1.6224082078720905,-0.07009517282324461,4.848587752349269
0.3444510920459158,-1.4670363277600027,-1.054311965357455,4.167787535933619
-1.5745550347232693,-0.37697784830569375,0.3730244187432237,2.1167813150937023
-1.5511024872503427,-1.2816625449640549,-0.7631687246226602,-0.03470814552230819
1.1381984894349697,0.20724134864447222,-1.01681184532366,3.1339004981297536
-0.445444542980488,0.6247271393919079,0.048762467842535975,1.8527107998801544
-1.2438593015912025,1.0052239842598727,-1.7103291970909733,-6.501068160071131
0.10954679634168289,-1.0507571157239501,-1.7029005589489838,0.637471819707799
0.958032109968686,-1.162615906240799,-0.9752454679214078,5.329952598947647
-0.9398758335974743,-1.3780450649129186,-1.6028852501514612,-1.1389979695529726
0.45423936313621993,0.44312860345342797,-1.357455584593623,-0.0043291156802536205
-1.3867164820599147,0.6829744282164464,-0.5629220385524002,-2.407267981928406
-1.5020135776033163,-1.627944925914362,1.0332191875538612,6.390792704795225
0.14075105778207023,1.469625436444765,0.23971087197152985,2.625555041527671
0.17253450960818406,-1.5581432677923088,0.03532179623532091,7.400103112852403
0.5040334078003634,0.1173763476307674,-0.7190918320034402,2.850770289916925
0.807677541590689,0.6918251324638888,1.4778154893699191,9.43713472614025
1.6630481733555509,1.2462235665677517,-0.36275466276941176,4.839055615411469
0.08919374940410768,0.7090362950943164,-1.4295069121949324,-1.7368964667228153
-0.5729626367989962,1.0091322477106195,0.39466235813162426,2.1030996582282433
1.044310863490733,-0.5737739835219873,-1.3374484840761645,3.3809191140020363
-0.7514755904494501,1.0539783714246311,-0.5410223405530238,-1.4517964124591594
-0.17563927491750841,-1.4617756462115143,0.017231380277347323,6.129678932211982
-1.410316790263146,1.3278809598231784,1.2797931577392079,2.0898534171982193
-1.5921908591011709,0.13893490040173959,-0.03049317345197062,-0.268415301697026
1.6178287892807384,1.0624451032588342,0.6878940220803602,8.238596857570677
1.184020271916869,-0.18729734305000423,1.6879947037282381,12.745089578422455
0.7045336051381605,0.4676024891684809,-1.2766946962177808,0.6975127237992123
-0.2784453542071139,0.0663782565661808,-0.783654437380946,0.7615289743107294
-1.0855196035585901,0.7689676886230422,-0.3711495807756949,-1.408871838377026
-1.1432517342685364,-1.456587603036128,-0.27734786172700543,2.9314451860352237
-0.8219891850275303,-1.5294461975855955,-0.3145459035500057,3.754046395089828
0.20195848343602682,-0.8899833006712202,1.3947162749574897,10.500281047819273
0.7683085168079138,-1.1897964290975307,0.7284197033268619,10.45155057174977
0.5820065480731689,1.249012336445174,0.3631291630339607,4.394851712623638
-0.7203046376416017,-0.9854801072774589,-0.664419477836461,1.7930760842994728
1.591173422603443,1.605403065507967,1.1062057659321767,8.527211021169611
0.8481088308877518,-0.582520620515547,1.5580374511290678,11.958266468593123
0.2195185565104156,-1.1125024118326667,1.0972837538137021,10.097573749508655
0.41598571914120264,0.9679412431554985,-1.7238930629449178,-2.3752680183868335
-0.2419815294586689,0.5194100682969254,0.4612129121502822,3.9455237922438964
-0.8305918695447293,-0.030206393275569864,-1.553272207150325,-3.018924050455063
-0.45989005346331074,0.1655445247024005,-0.8425962837187817,-0.07609910847887931
0.916430033350927,0.7265502666522315,-1.5243961774106036,0.07501228574038238
-1.6297168278865768,-0.95383843168515,0.3489833680923032,2.726419106577489
-1.281490127486406,1.6754907130010404,0.6339618427231912,-0.11774363497484618
-1.5214630611612623,1.6017320620072582,-1.3352137846589789,-6.925953672516542
-1.5395246968479768,0.49070858500212117,-0.40810698994777195,-2.0064139672383527
1.2507361856633659,-1.0528382877773461,-0.15891441276901375,8.560350020277646
0.7308482741880029,0.5930992537441384,-0.4589999140297715,3.137185091514578
-0.05507947194330137,-1.4888826706985447,-1.3127121878355361,2.41728999432411
-1.3439525452317174,-1.6311418530245856,-0.2872621563951313,2.7181819513019008
0.004655351026317546,-0.8537570363890659,0.8562741553563138,8.186810027348669
-0.05748385320669706,-0.15201265779096784,-1.4848718228058404,-0.6460847293391098
-1.0858362231788679,1.2369899560977728,-1.453300602146814,-5.59566513455573
-0.19317326386286376,0.7538314228796952,-0.5081576183302059,0.5206162220625566
-0.3142279667889674,0.8070338995627094,1.512139079421514,6.6340001146204015
0.4301277584066712,-0.2791498445188878,0.5719464232451628,7.551154348718315
0.49603230990202984,-0.5515690921671887,0.6067013569502343,8.282526155664046
-1.523855709001234,-0.46561015822839763,-0.4835518014218646,-0.6501286715850766
-0.39605274482643865,1.6457542369888316,0.31409986954834407,1.1148370929393125
0.46440898235180844,-1.5987607840208011,-1.6944086256490916,2.74957759699341
0.044109900426972264,1.2327405611516296,0.4601619879365888,3.402540954460502
1.2542611445571283,0.24536769052503324,1.414252873700752,11.328698256808764
0.5768565818871226,-0.23421793207023484,0.37919729087486304,7.278392107813868
-1.1209997515102725,0.7472864813317517,1.2779897868545582,4.044323227372451
-1.437330044119239,-0.06967573496900074,0.7626345909555823,2.9974527632681403
0.5211208259784502,1.2546268083267516,-1.3143181699140631,-1.0568354863585543
-1.5882161951363754,1.3480327614304148,1.3769634914836302,2.0237724976416205
0.3271297538929532,-0.29206711263614027,-1.5005804886288296,0.5440779281936751
1.5410519244391483,-0.7882021051748649,0.10863550893785238,9.583885805442383
0.2918499187605194,0.2921925907773968,-1.2400442743406732,0.3918777914950402
-0.34962220532389043,1.3879633578896151,-1.6889860080510803,-4.85898764986869
0.524096737811447,-1.0147626993668015,-0.276638529044087,6.404808182915593
-0.10960486689535628,0.39702706753327993,-0.7137502468378061,0.7773247336947632
0.18959552630299772,0.42645291957923237,-0.056466797994113034,3.3857491894535197
1.5452800214218763,0.7741843748140502,0.25744144799134827,7.330245741760857
-0.3567021721314298,-1.2855936986660708,-1.578730297955377,0.16037362304798333
1.6128359998721378,0.7149875694453501,-1.3059028990888464,2.62877389927751
1.4215976645432142,1.3765581324219822,0.1935665795587317,5.784125725885307
-1.0084734105653166,-1.1208395418658381,-0.5480983670021393,1.6831772789731663
-1.441465258778685,-0.9227178094434687,0.7805344745083256,4.5672939980737315
-1.333870597027575,1.5900965862728405,0.5159072391935745,-0.35053143906558326
-1.6166056920784253,-1.116409233781987,1.1812894654251473,5.697574009545791
-1.355566591258433,1.1894374525011726,0.6542796657020994,0.45790027889286483
0.6601232593541279,-0.050470000230604814,-0.24945768961179207,5.091055882288934
-1.435207031715583,-0.8895455567105462,0.5870704843987573,4.088048691919129
-0.5865960677861131,1.2454729171714516,-0.7814183468914652,-2.2085105632418
1.2144841651061138,-0.21131096850689438,-0.6749493077618243,5.357878674780693
-1.599310276658068,0.02670849293049343,0.9864062085068923,3.2442964798550857
1.110348073084277,-0.5060335300800979,-0.19270449419638025,6.995827732172614
-0.7137260919380014,0.29424886767791514,1.0187444134786672,4.897488347929698
-1.2743248885742458,-1.1761710996409127,1.1014970745762611,6.579173847877538
0.7071465575908954,-0.3969808078332002,1.2224488057863896,10.562769454464297
0.4749672815973469,1.5833072897189462,1.4257776795406027,6.956241743046627
1.3261200507916238,-0.8522143080426001,-0.2458293297274906,7.974650590977563
0.8384308942141707,0.5126606998233015,-0.6317407907737852,3.3504235565473155
1.0727183429098321,-0.6226027214639699,0.2746475200923706,8.628255730424115
-0.7131103276171123,0.9123831947674219,-0.45170493495754305,-0.9040351396054235
-1.071323206874374,-1.2879701384309894,0.339616703091624,4.761045465332004
0.8916643643221076,1.5847068153947486,0.6993458862662267,5.770011521218125
1.084204333689016,-0.18225954715361345,0.6402094328477862,9.172645801867182
1.713231396997875,-0.9278295829928419,-0.4400693816975339,8.586436270485887
-0.26589452464398133,-1.4844369727581888,-1.1549474576767877,2.357747227800876
-0.4049383836045807,-1.1548248724123227,-0.24739847542490165,4.27901515683539
0.9800170410082422,0.043680588461092275,-1.2384712108310658,2.4641236200830794
-0.5118407131099958,-0.5821529199371285,1.334433211647776,7.785503742615294
1.5086094604851072,1.1021158561767133,-0.5387701786795289,4.0339897924132115
1.2608466522062853,-0.2606793619502144,-1.19762981321062,3.813056273243794
-0.20980945330681203,-0.8844668720136706,-1.6416889823100986,-0.30098941539669
0.8925421856428848,0.37709307914301216,0.49364004291377717,7.170868390755033
0.9051172412602756,0.6840067748639771,0.46293717230391135,6.492532737669435
-1.3258365638007974,-1.1641248388584011,-0.5569208534367324,1.1742341392771343
1.4120160924515754,-1.1621480516002747,-1.4824478832137746,5.03537547024684
0.051357082727771265,-1.610532185869633,-0.31933778739996427,5.9588891647930655
1.1514074652490494,0.7854463604452416,-0.6580697560167305,3.3438082239109814
-0.5829179756785828,0.5368620833220645,0.6013686091469695,3.49333810353329
1.3879411312281966,-0.11089580964539651,0.355811594253571,8.76289643942767
-0.3460887004539435,1.1544610354963316,-0.47434879932094426,-0.441665274452465
-1.641894717009923,1.0226304640547037,-0.9792941362723846,-5.155041070783664
1.4217049775619355,0.26823739943638225,1.6715389427824012,12.307298208329282
-1.3663761066019071,1.2369857618800508,-0.16660689485627034,-2.1133855790388973
-0.5854384738895092,-1.0312704273089948,0.6397592788459274,6.502873235161566
1.57472322588809,-1.3528715121031127,-1.2454969389125947,6.305955006019525
1.5765903362010996,-0.8124388348747635,-0.05788075112726879,9.308182882746323
0.2848761149028638,-1.540626809285172,-1.6344987835924727,2.1917646635580232
0.48487978864402603,0.08270069753759691,0.010496004442438266,5.12224195406199
-0.14319275107720902,1.4709726525218783,1.5888670795618334,6.1606764036267085
-0.6748345269925359,-1.6013824826968959,-0.40684091955162577,3.890149952337499
-0.5534138582068783,-1.3179784722877848,-1.5950559062052567,-0.06987820404189166
0.6242032888154952,-0.18770569361391656,-1.6227303434570333,0.6539984070925241
0.8976911810717696,1.461622427921441,-0.3938300005851775,2.3334049222054523
1.0319572365936873,-0.6535363020640956,-1.1784744357831338,3.9645542976055275
1.0252416213617532,0.0007447634140957641,-1.6489022548618562,1.2106184290470474
-1.3666520523214647,-1.5937489747347038,0.8736065704546919,6.229981632862241
0.014259849521051617,-1.228151910747507,-0.1510442816397173,5.608119532014672
-1.4818861295631534,1.6422635246020025,-0.7336998533541852,-5.057744573639091
0.20299350626855442,1.5686052948155254,1.3688055254248312,6.035684367025934
-0.16687503760304023,-1.7191852376969452,-1.3295299350395624,2.3972320664707625
1.3611627755149565,1.5230405105325968,1.5609917792548738,9.632457968857235
-0.4772113464218909,0.4523384843775465,-0.6486069347565528,-0.08895624914129283
-1.278084628527903,1.2357770868824323,1.3286046578292705,2.8798687291541367
-1.189298868586101,-0.17900553397425228,0.34604880048582765,2.5437706586563023
0.9289801394538584,0.02937478733943952,1.1162459936095614,9.776586388289425
0.43823747131573143,-0.062219185245280396,1.65769245789052,10.391883991441585
-1.332690168718788,0.5473390402830406,-0.7365888409182949,-2.778224426469297
-1.3909654410618388,-1.2579143893185174,1.578947507073963,7.790744028635924
0.721640026136315,-1.6334665468604601,-0.38868374712565035,7.4653597271058825
-1.4298152336131673,-0.6817038730186481,-0.40234845046739975,0.28801423928522324
1.1356624499055943,0.6768282132160371,-0.5576679818120058,3.70671613275171
0.7396991137830147,-1.0449250860754715,0.13424444765657872,8.11408308914702
-1.4004110166039785,0.5698294223263219,-1.1987130243103639,-4.344459517479093
-1.388462256622766,1.5850184160539416,0.1765943870661772,-1.6995838052586867
1.6999927694349337,-1.4145708392525427,0.135267427271217,11.173322896198973
-0.397223392448486,0.5669863035610109,0.893185346200996,4.803259498097809
-0.40965064362666576,-0.21663563522088472,1.1401424254581671,6.921603464912332
1.1046324384789217,1.2365439577651216,-0.21328133764702484,3.850157774712128
1.5650880412649513,-1.1295139932776719,-0.6886493234734397,7.6573245925280995
1.6978060098536607,0.6355508018052993,-0.8366496207639647,4.480557576264044
0.9011284614633057,1.1337272958629518,-1.0593850456223912,0.6434932259198867
-0.3904122646186307,1.4983950056875925,-1.530857216750942,-4.6078477326325045
-1.3930411519002865,0.6034394364570264,-0.5505744529645465,-2.3005213809407383
0.9825306614284455,-0.03370228183014462,-0.7990877887336502,3.978293288549944
0.23338951028398916,0.37949769683653917,1.5971278047174193,9.280490262897995
-0.22615247049666315,1.2391556557387846,0.19035323158931422,1.8482489869711258
1.4250352439759322,0.21774969971197614,-0.533952831186121,5.361584130978485
-1.2981863746800504,-1.6320507664943653,0.26868891816013696,4.542483556393263
0.008111718813919915,1.4516022788802698,-1.2501652063261683,-2.77075809854007
-1.6401275637982227,0.6249386895167602,-0.2008818832163109,-1.8760905518475963
-0.0739608150181616,0.5803790482869402,0.4262179375012478,4.051007469842021
-1.4861858621950903,-0.9975975890450166,-0.046494162665074404,2.0229687118210826
-1.2720882166487668,0.5200185207104141,-0.34635780622495355,-1.2795528862800671
-1.2765118747590394,-0.3874518626362368,1.6915452977566041,6.907402027089237
0.5443784535724251,0.49381527931604036,1.3007626347805215,8.570963278319418
0.8760136478362922,-1.3711105220885327,0.4164827131551841,10.164662876632011
0.31888698593048503,0.5164568434371087,0.23051632057315832,4.5731230958617335
1.616199061703582,1.6860364260603966,0.4070327786684316,6.491392683437143
-0.3951692769441437,-1.5710154646379912,-1.036364021166226,2.6049549524679287
-0.700515725464551,1.6098850253129138,-0.36921632106426555,-1.7823679138967337
1.295732547285775,-0.3427888471237422,-1.5934604696054655,2.794151105031436
-0.9132489711713496,1.245485069681488,-0.0924510292215766,-0.781459117042473
1.619795028849394,0.9429003964129884,0.1398100800048116,6.606891856660943
-1.637384913448473,0.20544508608624631,-0.9453657233226014,-3.5163220926238257
1.6425912157679576,0.7924562488683533,1.5889064561983088,11.849073248409878
-1.5311987296295644,1.2720636581546867,1.4010619736998675,2.3607971887398187
1.3729402889181699,-0.352265642839887,0.7563363517747109,10.346186220405938
0.12823861983187126,-0.6162916901087315,0.10663624504964678,5.765917130876518
1.7216551222359644,0.5498356798712335,1.2651530782884843,11.533333983970389
-1.4262755441622694,1.0300806796557573,-1.2795748788744392,-5.3897845246307705
0.2178069706373489,0.8740738988021739,0.9916539988753326,6.138276804213921
1.6406175570529953,0.9957286598870108,-1.2996470005163818,2.245506830889256
0.11247354190561429,-0.24460029516808351,1.0043923848586815,7.898869315577562
0.47652825763642853,1.0642819725314778,-0.7800883790307338,0.6089431219533907
0.7037612631454396,-1.3244872866755928,1.28966500560892,12.177961693015256
-0.12231697946098029,0.12830882788252637,1.5201120653378626,8.483899147090982
0.4702247878962572,-1.7163819606868653,-1.2171245324550153,4.342851686938022
0.3221252569545091,-0.6246717070175856,-0.13675104851314906,5.467780461838348
1.4072389076680514,-0.48128324805301687,1.6472777078961418,13.625711961305727
-1.523368123958424,-0.3795479583036623,-0.06539210119187373,0.8559249501938371
-0.7167795572751184,0.645279667250232,1.2430498078181134,5.186902982315956
1.5759202378454578,-0.40562141486028747,0.2971333288709317,9.842623817093955
1.3699287952967543,-0.19970870863442422,-0.43739487631109325,6.3687295385483464
-0.1184960156744952,-0.9227150497527822,-0.7456133579159674,3.0082467539123843
0.4447942925942494,-0.45803242867776367,-1.0297864181243293,2.4894633101656645
-0.7290470705260262,-0.9578964333366093,0.8928286820103569,6.906341128735801
-1.0347412349906189,-1.4854670360596511,-0.39880800281453416,2.694024013297522
-0.09095528639274236,0.33019465154823063,0.030529625373041606,3.297633768801325
-0.4688644681582763,0.5519566393718616,-0.03469619995493103,1.6135587861158946
0.31987107962195155,0.38512392832194964,0.25771385641548633,4.872252285931056
-1.4127885915950118,-0.14902992994379252,1.2500357691272455,4.652670613013512
1.6580573670804497,-0.4356591086415565,1.6464239730497736,14.13709900094762
1.6985241157965558,1.2200786007441118,-0.32637559627210905,4.951854629766342
0.7120252949597567,0.041310520991538355,1.119039390695255,9.23180347034693
0.15699036175663952,-0.09531252222955246,0.9022239745592671,7.534488554172479
-0.6189532490017661,-1.648298310558639,0.24480609135748707,6.092447049538842
1.1080416242901354,-0.5676186214914265,1.5614334382121846,12.810458724390285
0.666028912683709,-0.43425576208849,-1.0392470132498666,3.2429381262995367
-1.1220870708365178,-0.37047367001798587,-1.3531928193016811,-2.5199017292756394
1.4406959848155736,0.25049349990759223,1.2100563323632845,10.951240036693019
1.1379816413786337,0.09103170488354105,-0.21772679565555067,5.961318826040423
1.5738257546356473,0.3454543488718536,1.185986043229513,11.225874417790294
0.8064041290287367,0.8829702599108001,1.3447357007107164,8.74922886010203
0.42178880283763787,1.0476800857897621,-1.5143011608451669,-1.7302372914927715
-0.24662901840187693,0.7228566351269483,1.3116049354340025,6.327808969274413
1.5153602028618354,1.535750628041572,-0.1861662824125811,4.3180880579758565
1.2870499630281687,-1.6736694504230978,0.027628112226841507,10.386775828502184
-1.5241479768821646,-1.0657283602134826,0.42745082609943547,3.5166444804672277
-1.588710511459356,-1.7102040698523093,1.4593281232460047,7.745660194359094
-0.3897143623957518,0.4809464446514944,-1.6634825704001845,-3.2469923114873835
1.0969396174649744,1.3388857930317057,-0.08798527321895448,3.962133649676366
1.7021728032513408,-0.9023819131603581,0.6378586297268964,11.974348800577655
-1.1638693090375731,1.4381996618032513,0.7582766833340758,1.0509507730781635
0.35574408355545745,-1.529736201044145,0.65441598562934,9.673285750079113
-0.37455127223154966,1.4635434046748284,-1.2665545335675321,-3.5778921460545194
1.642713038275119,-0.5320936044684043,-0.6987607504882054,6.61981398030846
1.2050441980858528,-1.388820887907918,-0.49458156913398094,7.871365299154426
1.1920636093278079,-0.07240540203379747,1.0395921459634525,10.434077720776314
-0.07384944935191515,-0.85686040961219,-0.76978887021741,2.8034323875282583
-0.2583538008192724,-0.7606545052051448,-1.004033817303508,1.4167347544708946
-0.7426574474082585,-0.6838952455058025,1.5662552504382263,8.319606669145236
-1.4859385227031539,1.013576152810198,-1.6987727328152649,-6.946136853992451
1.28245560201759,0.11006559868060997,1.7052185256115653,12.445987307535248
1.1049798525546397,-0.6701379435063367,0.6003382780579408,9.665957296150918
1.7447821063875815,0.3537705358075134,1.122310588837038,11.104492170530445
1.734230981512419,0.7161028459332637,-0.7152004000618298,4.6972645331175995
0.22320925979821749,-0.8025965112527778,-1.6800069783018898,0.6724431977898508
0.9545863289909801,-0.3200486223062489,0.8104662071013828,9.2812947210806
1.556584884255297,-1.3187448665829822,1.1418449589954782,13.869133821657979
1.230827393192399,-1.1158189221654664,0.8194381685530034,11.655119896596705
-0.8319031682536233,0.596145412059111,-1.2375895660526743,-2.9742724958881714
-0.1360055039134811,-1.1148293507428406,0.8640182216169351,8.393035199556316
-1.2366710640970118,0.0621347922958636,0.9173515182637423,3.7703034705429843
1.5883848000481393,0.6917763119433263,0.5374158352567476,8.4596210254527
0.39699161690142165,-1.3701384322041534,0.9076903449168782,10.15028067597432
-0.8959643201153134,0.20645849120161552,1.18238084316038,5.248903335325198
0.6214026170408098,-0.8575924369554305,0.382744773308372,8.343495854254218
0.43792984957605674,1.5611001826224156,-1.4243027910917125,-2.2220977723062276
-0.45238969401386353,-0.08037034691449774,-0.050865577921890774,3.2435463107050198
-1.290103564530528,1.023734397324812,-1.462011198887162,-5.95482795689976
0.620965998443101,0.14795466506049373,-0.326517329340436,4.413710810085579
0.102917970627241,-1.5874496660544997,-0.32801990627489525,6.036295873446501
0.9659941245271206,0.4319012657143158,-1.5020743170637356,0.8596581088683798
0.1024241209366227,1.5216419419964826,-0.5286401226978633,-0.17909481041539863
1.2395061107317484,0.3239052748363087,-1.347224776374037,2.162192864387292
0.21113743659500284,1.068920466580755,1.0526648672960877,5.915331034165753
0.24206689955908925,1.291550128297908,1.5326613611818563,7.21784424730073
1.3233171899187668,-0.9551223809806536,-1.4803668972171766,4.138621819799961
-0.29717905967183245,-1.0100283030780526,1.558225714057087,10.13648349809577
-1.2200410685501997,0.35598666100680093,0.0694281314020639,0.48967191881033834
-1.5804373123124655,-0.32867962918728366,-0.6981753022665992,-1.7066378494012064
0.9071528555988377,1.139705897176551,-1.4647209451694587,-0.5156967862625459
0.4454003160550513,1.3457086555882014,-0.006131777290188517,2.79731844443652
0.7322932103272669,-0.5259346231866517,1.0054417882851479,9.941295561364992
-0.9496599141891875,-0.9250214571741561,0.7045110007368027,5.581169401619243
-1.211971487417847,0.9365315946888256,-1.5564022579718588,-5.769268442065999
-1.6291990828012664,-0.7951249090507709,-1.478352088132691,-3.2967073677440286
-0.4783327969377306,1.0806497329908062,-0.342590600029706,-0.16874065794381676
0.34131547173787047,-0.2851594945378008,-0.71289048224706,3.2701871096517667
-0.3356693255739233,0.5496867765978708,-0.9294134783088832,-0.8202890369493239
-0.18076442386429806,-1.408973739576335,-0.762062867412089,3.712505976333764
1.4175155304558464,0.40008394197989716,1.0363068802335471,10.149626501277046
-0.48631965178196496,-0.18918269672940352,1.4691221494693596,7.955507781146266
0.08127961126430414,0.27253161469542775,-0.33491696586417774,2.569024592182749
1.0048124820779538,-1.1607955438324098,1.3895532745588033,13.122534193969123
-0.32094718193968097,0.7870616316479178,-0.6226921775992917,-0.23116358974485654
0.4514866245777941,1.218241300659086,-0.08938438388605355,2.64343337411191
1.2743777316912175,-0.9939520816522908,-0.9512885032901339,5.940110114118575
1.5728692546451724,-1.4083599901700183,0.4752379302663158,12.013206535413842
-1.1753196867369629,-1.6551585144779617,1.6403721521108616,9.278554091660485
1.4943292368621426,0.4621026464643267,0.3479426558356708,8.038926145510768
0.006369162488716021,0.3426771736315848,-0.4976843294629346,1.9643259451597648
-0.7945860010283172,0.1358704163881126,0.5005070370040312,3.4691357349050262
-0.10658126352918511,-0.9418801047488607,-1.3061872655684816,1.3360472391555356
1.6773653685679837,-0.39758188468926897,1.329483771835647,13.117854931132328
0.008087710225210527,0.2994723442597999,0.0023344488559454584,3.3997152094115792
-0.5531156817526687,-0.03509900794606619,-0.18261865962266824,2.191539354952485
0.4902348878495017,1.6462197715989129,0.2872660335795253,3.269247617453172
-0.8565699443949315,-1.268911036459779,0.42122545991695004,5.6378035439496115
-1.4191973754650178,0.6441748580252263,-1.482227879640939,-5.51103546055588
-1.2376289463431347,-0.35165461642353973,0.6202878387423961,3.500872162144168
-1.2404847953922205,-0.26988314948729786,-0.8965514813744025,-1.6483354760540463
-1.15878079226005,0.7210578959076116,0.7281443022162153,2.095958463201976
-1.2035613141471382,0.6349008961180466,1.1018840266009393,3.473961037800622
0.5158311696360225,1.6581031738142207,1.0379444604649464,5.579764946789468
-1.0561154206237338,-1.2964598635597562,0.17242778513803225,4.309156094810013
-0.49518355999761693,-1.3796139768706004,0.061144247520808374,5.421957539839844
1.3922740740155093,0.7441402292756489,-1.2375011960300644,2.2136346478685547
-0.05580616775888293,0.24437985375668994,0.939460747393714,6.312106096519068
0.6072140213574627,-0.797334745631767,-0.7950892583718543,4.417472913704294
-1.0888568571466777,-1.464157061212915,-0.019654859870400665,3.5513314186411984
-1.0204673175741528,-1.44279423337319,-0.7508089271118874,1.6245831435621219
-1.5390458676218075,1.3257381939845685,-1.2686430231161898,-6.456648416570064
-1.1004490129096933,-1.079119027896872,0.4376569935207462,4.712393548861206
-0.72490600115168,-0.6288295352032988,-1.5422693284745301,-1.5378929553553085
-1.0727926327324615,-0.9599962043851111,0.8475562124535279,5.804858564109944
-1.3752261764910132,-0.5205418473954653,-0.6361466292410467,-0.38465870677110714
-1.2658621575095947,-1.4983831860147914,-1.728816540680827,-2.0946702412084925
-0.10095434232319259,0.04123520957997604,0.03002598183609227,3.944210228615113
-0.9723675910468714,-1.5045852673124878,-1.568015917892411,-0.6470972772843775
-0.43147419440744983,1.0044357760639078,-0.7787047312166877,-1.4021805515489543
0.045072300047821215,-0.935836538596694,0.7041324158851964,8.163972265144526
0.6854255759225069,0.11297830574779724,-1.5135025206236574,0.5563655722233652
-1.5443764259501807,1.2774173977787107,1.1597223431349735,1.4683677010020169
1.0587777492037855,0.4925976262082773,-1.716131982817912,0.20778732849327525
0.4713971154881049,0.08882395296541591,-0.8797125706876554,2.150631676375615
-1.3990060043047574,-0.625534854318669,0.8209110833417582,4.149707429429312
1.3127861261259908,-0.5958538233457776,-0.6406785222302992,6.426639232909952
1.4747559636975114,0.5563195356543272,-1.3785666262502365,2.2482161010282486
-1.4698337144408034,1.667976240439845,-0.489355260182198,-4.207627854641075
-0.7307715565245667,0.5301324830746803,-0.7985866534152452,-1.3936797884159944
1.0820348869689516,0.17383049669690787,1.1713336172962978,9.958399568661248
0.8835988445405717,0.76575237763701,-0.6507368432036739,2.7752906691921972
-1.0470708520061713,-0.1431692723768378,0.9862248559498042,4.604721601760276
-0.962039867659951,-1.5301643823822975,1.340543137728157,8.632070855259814
-0.4102330044734002,0.18928502473852063,-0.23608090255499947,1.7414140522278825
-0.019636095249225206,1.5429467706219473,1.4027435036551679,5.861112386377051
0.43836318814179587,-1.1358378643222702,-0.4305516790352291,5.853787025439315
-0.41557036710218936,0.6265759091785338,1.5890770737785038,6.928859460941527
-0.09494064136488135,-1.048074488952159,-1.4219456736426788,1.2253269888105776
0.8808975573214542,0.09865089774565304,0.6354396754821273,7.9734476411576924
-1.55337990427324,-1.4050663258224136,-0.029572575919079858,2.6053853207231987
-0.8144751032567664,-0.19396534461028242,-0.3949932397049364,1.0689525384726675
0.7640401122349034,0.8531119517253414,0.4485136852411833,5.836144568386797
1.3868575686155922,-0.5459653714053032,0.6933954576742759,10.795982404636886
0.0733614048425479,0.5406532852232961,-1.7142617828566895,-2.2021608961589902
0.1433499496313098,0.9876350507189517,-1.154627740521734,-1.0853046206028858
-1.3119726469521782,1.4386902550013627,0.7250238480530652,0.2850134937640807
-0.14673105960888083,-0.9326520845308922,0.5644179683080655,7.0220789721912675
0.14507527933928643,-0.36878510488933874,1.5958546754797613,10.120965455324692
-0.8486077715457703,-1.2142060132503991,0.8902113818693345,6.922065054395828
-0.7569176037839687,1.662306339970348,1.5432788336416794,3.9410264737794343
-0.38690333224449963,1.438084689746354,0.6888637554829112,2.8897209129484716
-1.610272036246121,0.11279071631396789,-0.7033846625764232,-2.3278948946996416
-0.5759672040175129,1.1471431096527323,-1.3666141660420614,-3.817729106714048
-0.9548523796394885,0.04773487371020318,0.9617570307578325,4.611772462776351
-0.5574112148574448,0.3991469705067882,0.4878810108191972,3.428005753575485
-1.268854504921402,-1.4309255240507786,-1.5634239333302804,-1.6946187516712246
1.3708312087865566,0.8500545044695439,-0.4899867049323507,4.336770509989576
0.35390066603634246,-1.298791040964223,1.5640241342644736,12.253228022487049
0.6467514402264638,1.0924743709019618,-0.006899764296244128,3.5041694296464843
1.0237110817414277,0.9416766195874033,-0.2398267737878695,4.13023175469955
0.028033872317152077,0.6907437133441322,-0.1538784366705182,2.3188090945453093
-1.3813299403145765,-1.6122820825475512,-1.0103059656198137,0.02502305202800781
0.16044997039607808,-0.6981451954231617,-0.46019033256960784,4.09913871245119
0.33077896161014597,-0.8351650234522519,-0.4563831883606831,4.828457690143068
0.8739402806818405,-0.5029413973605572,-1.549074211451382,2.3218765060432
-0.2006806907387056,-1.435999028591554,0.9126870805663895,9.059350494883855
-1.242079145056729,1.4721783989956017,-0.2956721938791317,-2.834818158157116
-0.7071466790924519,0.1601983731016267,1.100662435003682,5.514499651639489
-0.4355413184122419,-0.6899411006087796,1.1976170645134874,7.830684892614522
0.5331005104540967,-0.37677842315000615,-0.9995967675733883,2.9205118869591176
0.27576767965672316,-0.20481438905683919,0.5333300667895665,6.717628847988944
-0.45946522140507234,0.3204212531984421,-0.10368651801352369,1.9334182142129306
1.6995669700134453,0.029660357956325066,1.3002187155014335,12.488808335071036
0.39562234612780744,1.412030393431314,-0.9867008887707271,-0.8387580437815988
-0.8665662267318607,-0.03442573882580889,0.6037524021564056,3.6878466314460026
-1.3304305240122989,1.6611918243480015,0.36260222103590833,-1.214254419176844
-1.1555051953029856,1.1793015208001194,-0.7128526769656007,-3.1887964068856696
-0.8366648634298938,-1.0221303439767253,-1.2590999401547602,-0.43288195545954655
-1.1287159202993575,1.450391909376931,0.5136634407639715,-0.07198778699321756
-1.0400637768018173,-1.337645100627661,0.8129717745892215,6.363995531969856
-0.7026285201931336,1.0629653627148208,-0.6428910599104785,-1.671986265091951
-1.0852481049363487,-0.4327913422086765,0.4902332130605557,3.754676610402407
1.3921953549475348,1.2702103713296904,-0.36923984937642124,3.966226064762306
-1.4042297438930784,1.2362509733524634,0.7255774339147566,0.544879016048491
0.11731459576431845,1.0235044672037343,-1.0435813186226623,-0.77309169772287
-0.27350040280152643,0.9690778165320578,1.334839255535384,5.656420370982167
1.685399998266811,-0.6928350900384539,-0.7400165261515536,7.053698196532975
-1.2953047135258058,-1.459021138937318,-0.46336104417802015,1.9242633138954994
-0.3164510996282827,-0.35623813955841444,-1.5293276959337156,-0.9988258527249474
1.6411925662438511,-1.1419274563734503,-1.3454551979675318,5.802013534266648
1.285143181254422,0.6435124054398198,0.04631615036999137,6.206191405698935
1.1192647385676617,-0.5510050192017445,-0.8082263498722887,4.954813826049671
-0.7957557663762336,1.604529720508079,1.146442192179122,2.725247260884679
-1.0937620855689216,0.4586804775010779,-1.6787055205489896,-4.886536867925565
0.6109315347363087,1.0801917369752756,-0.4244387065038602,2.126550446047455
1.5038787144639991,-1.2823168349237493,-0.5681370205255644,8.255727045499901
0.22776825730453085,1.2155615814777005,-1.6627544619586652,-2.8947172315859935
0.2786252474151868,1.4235533832631009,-1.3012042125105332,-2.0639413714550976
-0.7201498497385415,-0.06833012364124258,-0.30552235939827677,1.3619944252330543
0.9563176068966469,0.33979713150265956,-0.03284060283218585,5.577795994945373
-1.0384311097433763,0.8827187200776898,-0.33771512980182067,-1.2863210138337133
-0.5704873453430487,-1.1374277462434021,0.09820695966578943,4.996435467769951
-0.22199334127123224,-0.015241649698599627,0.3191626501935839,4.509469392995711
0.059432688357187714,-0.37102068777840713,-1.6951223686039105,-0.6666257475948055
-0.8488158983928882,-1.2348947659515728,-0.1318649433132959,3.7012246545571426
-1.285722499994912,-0.4776095266453058,1.5870835517642694,6.7955192426835955
0.4122160727310935,-1.5026686169118446,0.05722858719771994,7.71348104344401
-0.6905206763282578,-1.6477167499666991,0.6028198514745756,7.284519390333646
0.31159038500345937,-1.2732715589840828,-0.6558449755321788,4.938535373108919
-1.1503558079319278,1.5617447310639234,0.9347976222661334,1.3468713488307684
-0.031221659057115284,0.14556801500272287,0.9311150400386291,6.759216245840447
0.1449799548979011,1.5710140595587372,0.06502047341624193,1.6055227252479536
-1.5015278930132814,-0.2551652750963483,1.6301587355049292,5.8510416160132435
-0.5262221781788791,-0.6683969923354474,-1.2971364034931114,-0.29213222000891975
-1.218673053313013,-0.0029976409467566078,-1.6709463033438074,-4.466690402390998
-1.4619670041713941,-0.2311489761115649,0.9216038662433716,3.883776676134802
1.7113652123154,-1.374289312966178,1.048948634817902,14.023092216162228
-0.5750264930023274,0.4581813651277465,-1.3155269562941538,-2.527533627825741
1.0946145994668388,-0.996354521535193,-0.815144230704922,5.9419520023349905
-0.806927923781551,0.3854581552459391,-1.6688649316134998,-4.171727222667376
0.6549722448707976,0.49028195733520297,-0.7197121230516306,2.412276224032784
0.9245869537052619,-1.2155454022488326,0.9318736292932297,11.513190048174406
0.3609087082520732,-1.5260304659378277,0.053539616136539056,7.787167340516946
-0.0639757675593009,0.9373399352711771,-0.5311353684228273,0.4438768327705865
-0.26855475075093416,-0.16167741813884662,-0.4497537637632051,2.127487220485495
-0.48422096044937013,-1.53693921325812,-1.724620975151751,-0.11429596866248964
1.5044032340059703,1.670465442550632,-0.6973669500703956,2.554755369332446
1.1656611169733566,-1.5382514635407385,0.4958303775833737,11.445155942238241
1.6259745673948347,0.6438005127958543,1.623896432680588,12.104404243110775
-1.2533229040198366,1.6321581976602892,1.1863026134623422,1.747502758966138
0.8240346802750901,-0.917113240863341,-1.6480663022853368,2.5063506424403466
1.5345798655663028,-1.2490180721575146,1.3635648118497905,14.321156542063942
-1.0583313028413326,-1.3204608899324741,0.9664882307262431,6.9940151489120606
-1.4512773111684134,-0.6976425597177978,0.9567739114798363,4.709472725948759
0.8591493415879051,-1.3901050017547998,-0.15285907534797877,8.324099005923781
0.28842151235145685,0.6339599082728131,-0.35934621705881215,2.3567147518469804
1.2040505163548145,-1.5228043363563626,-0.6866444295094084,7.735718114154165
-1.2003242172988928,0.008234461009616487,-1.5031584958507371,-3.7482242103834222
1.0445886700665001,1.6767334644087597,-0.9436941941880111,0.6288340264140826
-0.9884858762679342,1.0510512613405478,-0.880470616730475,-3.157210489185027
-1.1185287330546092,0.37049972354316413,-0.06308722234254908,0.31004669168217935
-1.1164401257719256,-0.6874438374458641,0.8434229649462893,5.265305246648254
1.1107119115212072,0.4002089630206689,-0.09842705967751562,5.755473041382569
0.599129814140939,0.06856561017151358,-1.5301795998220993,0.28112474725419
0.11236251323512443,-0.27712943004939833,1.5674316636687613,9.683801934746064
-0.4501027553632413,-1.2885292463437212,1.5155762856448132,10.025355293854723
1.325190321877875,1.2997603769138717,0.9733416982609078,8.119100459001178
-0.33498073535668893,-0.19597287743008762,1.682869782130581,8.894823794910305
1.1176460891498874,-1.069684869522932,0.14482765049000337,9.304893548563372
-0.17507936820518877,-0.4768393386971584,1.5845678267176704,9.296119248234596
-0.3880668385888967,-0.3180603894476897,-1.469047657578082,-1.0842521060657466
-0.09444381300747566,1.0975087715846124,-0.47060727703006444,0.10063346959408684
-0.6468641604907759,0.7759010974820314,-0.9535179888353906,-1.9890687114194296
0.8813716881020963,0.8981105665217898,-1.0552228168256796,1.2006713152296435
0.04268565063174101,-1.6983278036798404,-1.2446365034055282,3.2228283595077865
-0.8837383045718326,-0.31112908012074203,0.41306716014239736,3.586113199184449
1.4018160150987753,-0.08790858389024928,0.960029120961848,10.862815168993075
-0.36427574283460856,-1.6703833191241308,0.26122252787894984,7.036085172955438
0.18252706738730068,-0.8464625123771315,-1.2234346114481776,2.1233138644141087
1.4254384268353404,0.8672416636556304,1.062607288512331,9.389952671061332
0.4588542961656461,-1.2666170200840339,0.45967549835246463,8.955993699822777
-1.2786633298257895,0.09687872148995474,-0.39321406795974867,-0.700014297516323
1.5396884664509212,-0.9992181693901576,0.591075846529207,11.624812145825121
0.4707384093965487,-1.6945971634220105,-0.8346873991787808,5.721069329711285
-0.5320396932505683,-0.9101918350768753,-0.5411288164174961,2.683694913473885
-1.2020376383393148,1.6054321676222079,1.42870546923386,2.6040252569993507
1.0403346982061779,1.0084783347985604,-0.7293638508540176,2.4877531518724894
0.44458934853635845,1.5496285083274932,-0.1115808673207166,1.83576912654925
0.14796517929980316,-0.06561777292286487,1.3345850114309978,8.815936007207426
1.3823565618013638,-1.3603478598460377,0.7066962331566244,12.21100583961373
1.021745175675493,0.1401919476933858,-1.515176693443195,1.2664703803691975
-1.1595609997980891,-0.18024685846453337,-1.2222631796832912,-2.601878713636831
-0.6114377790737004,1.1551000964685485,-1.702289404016263,-5.083414603854057
-0.8279953866164527,-1.4002515298195568,0.44235220182337337,5.8359053582547835
0.8688264919048417,-0.06429231028370996,-0.18838854027483104,5.564001365851442
-1.5641705292737702,-1.2223121567301107,-1.2671062120712933,-1.7261064467631466
0.2727243700468954,-0.6243632019182161,1.5679284132426932,10.848182971840698
0.9322269970270339,0.7887166317083509,0.09380824129605775,5.191637014442087
1.3237008798437961,-0.10614565299127474,-0.8966836066567411,4.555347683676376
-0.5074631557913296,-0.44900469427540507,-0.00620301605942462,3.6245716214689025
1.133598159950164,-0.3853567214427876,0.6099725506853256,9.645090371974298
-1.3001239167738712,-0.16288838515630769,-1.4668648195644702,-3.699434269644283
1.2198849458785188,0.9519095249132375,-0.7837498168046888,2.7670591143619836
-1.24239299165819,1.3185263100186961,1.0482944949650983,1.9243333132503864
-0.3183974198425822,1.5351034323960724,-0.14711399509284104,-0.06574745019117595
1.051534268172307,0.9583703457363544,0.15203798238504052,5.376350871671136
-1.1655798525666707,-0.6561017026185414,-0.23952778042413841,1.5745098511119218
-0.8938800463052271,0.6201721266705155,-1.5781765823793306,-4.592110616134583
0.794530691330269,-0.2376841767438502,-1.1587695289975386,2.8379259861577464
0.7869413139228729,-0.8640714716141709,-0.1957261484801324,6.903626311009201
0.5167657458460699,1.143165229957979,-1.0092639299256225,-0.03657693952739802
0.6975958575861381,-1.6045230795039365,-1.5572523726095564,3.6400001792997054
0.1796899352907208,1.351662793166808,1.174561393062785,5.771071203829511
-0.816659707837771,-0.1559349881536266,1.6479838374979672,7.339461858731103
-0.4950852345190475,0.44576939694132184,1.0007170574156308,5.311690405683345
-1.0570824619005184,0.5216225678917497,1.2094469427354058,4.292736003023915
1.432214144681247,1.328911917115452,-0.896395042501331,2.3643299879357818
0.31896585702141644,0.4439484553208368,1.5771972163771202,9.140493492440225
-0.30619114269862224,0.3660967756338514,-1.051462018459925,-0.8912467577152785
-0.09675203974350594,-1.5078742368327693,1.545540580431085,11.465370574223215
1.5652070935555777,0.0390034585615886,1.694887152307945,13.23968628677363
-1.1538193094403086,-1.2219001084731351,0.7204692400835447,5.705050567439865
0.32868545370540436,0.7889792339059916,1.647815876977045,8.461839077524122
0.05353627961103574,0.017821355263173154,0.2310753645388365,4.831293996054027
0.41507298359326883,0.5930976676019284,-0.8359375197836271,1.2348245284136972
-1.6169880385635875,-1.5934064180187637,-0.22514062452441297,2.1484377526101004
1.3078040757080718,-1.4457603420993237,0.31375616585296207,10.92290295451526
1.5132704112796074,0.716694243052505,-1.4777334690991466,1.6936167001050368
0.25643449433158105,-1.4892732730512699,0.41282492273457405,8.571600493654271
0.7068508587120147,-1.4921071231153478,1.6479332662612898,13.715239883568058
1.4803279820644206,-1.6946392783739794,-1.074929757810761,7.221731208508259
0.7431115692382131,1.5390984220096275,0.9988316757708868,6.367861495490254
-1.1566014482307418,0.7892346433591239,1.3957068521437286,4.117215228191909
0.2946382977690185,-0.5265166277449402,1.5189400611188728,10.254235048011669
0.3988423981132495,-0.7207198075787357,1.5755059173717731,11.29853837885234
-0.22646528104315958,-0.5386661040184793,0.06558355375429732,4.509448774554718
0.8431337467454771,0.9164250735832655,1.6346129741693514,9.525903170209647
1.520971779843097,0.5285280016918472,0.8773810434193231,9.534955721681994
1.4908390218943133,-1.1019640864851445,-1.1728071847263615,5.968590766467982
-0.1349943911242017,-1.1399249470791515,-0.08779032474618725,5.566313970568992
-1.2911979341443693,-1.3991795366117565,0.7432152436621146,5.7001355576455035
1.6938337509801542,0.5248713874841824,-0.8779349617965906,4.4197736634081926
1.194013605163884,0.8812218941280656,0.47571685477391923,6.966718958272805
-1.2520712990169558,-0.8285432130719029,0.5651582234982309,4.123796820159476
1.4746514471623846,-1.6643818753803348,-1.169267750792202,6.871399154139203
1.3001752620683715,-1.4547327938722996,0.21574309188180854,10.443898811339558
0.09788479328428133,1.57799203326532,0.9266591279250332,4.194452652018062
0.3459654359371295,-0.7244548772925496,-0.012081629433247719,6.091278784127076
-0.31252254081720465,0.8978306570908527,-1.6876212345239314,-3.7819841362911144
-1.4914655985716692,0.4028377901443597,-1.698169749728805,-5.897577584822686
-0.5310409407807867,-0.4282839828742852,-0.500385404481957,1.800478830084748
1.0705693683348327,-1.0317975669410964,1.4586791745565892,13.106857793842465
-1.6631475056898628,-1.3204558265235937,-0.9421748402499069,-0.7351831461133942
-0.5368564229762713,0.3697927397993899,0.45419921451655365,3.3139563053787335
-0.31537882592835476,0.9163574448715119,-0.9648951640504275,-1.4479521991666293
0.16143993537863008,0.46872067208211343,-0.6220922770096059,1.4689856403753594
1.4712737220357714,0.07973061269076538,1.1896801186980406,11.266402058344479
-0.4928591375142303,-1.592453400472943,0.7794604148769863,7.98186308561051
-0.4907795974038026,1.5801449392039082,-1.4009159088689362,-4.604281007145702
0.846753760909117,0.9988122484219509,-0.2536881008840903,3.6047516781319904
-0.13027312138102995,-0.7334355203279037,-1.6288778480711918,-0.1663451718457666
-0.9097934416057551,1.619459429913114,-0.07405660942345894,-1.3286495168102586
-0.12951427933429616,0.3248290045137467,0.5508172458417031,4.906351534826359
-1.1966095726699637,0.2581988142247437,-1.321394207296706,-3.795110243481944
-1.0749279630074282,0.8254101120672012,-0.734938398504211,-2.557939906885764
0.027778980474119655,1.0435164953128249,-0.3599267703104915,0.9613321817168952
-0.2442919168681912,0.5117770746840484,1.4357449825931567,7.19551290810024
1.454116648907125,-1.2974821181902545,1.6895029066693668,15.257489871709613
-0.4378989139433847,-0.5778236729950812,-1.5746954945289566,-1.0043204870210667
0.3093647322498655,1.4417919163436874,0.890108580518403,5.1158292258757925
0.48634242062318983,-0.9669841652638438,-0.4498061802631578,5.700009792362398
-1.6341657009657409,-0.4617468301931932,-0.3784393544829826,-0.5062445516750991
0.593445230643228,-0.25660682407235186,0.8668993508768702,8.790815498702305
-1.069280600884367,-0.23151432867981883,1.4319429759527869,6.553906996115559
1.6124241849575225,0.3626931683832797,1.5438153957979297,12.256657858163909
-1.1698768976553064,1.4931273645668544,0.2571753790495978,-0.9428643121531274
-0.25902292568564267,-0.9119338540253422,-0.5000693761793473,3.2057006158668218
-1.3867089370227772,-1.3200621932517922,0.9814632426011467,6.121293184506086
1.7350440701463046,-1.059932981584964,-0.8653335702464379,7.288107096624236
0.040886350998189165,1.3008584485408794,0.21226225437965043,2.402677978842979
0.36003976686444056,0.4752490057180633,-0.4950533429537853,2.50421182812037
-1.4492902310477769,-0.7571143259167401,0.5308435373734388,3.4567970823086855
0.8894236080439735,1.0578196629309145,-0.9018272657569086,1.4761808628305968
-0.9601347771955889,1.2133547686871733,-1.0698173701976015,-3.9855621256781237
1.3966094077130793,1.162486852263367,1.43129813297765,10.107087792068455
-0.9764570214536357,1.4104366611364971,-1.3788719491984098,-5.487550419188576
-1.0259513795386486,-0.8723907791616519,0.01222660666269104,2.9768505811191104
-1.5538372297561942,0.8492721157308433,-0.9691050311530947,-4.591684926922988
-0.06229504408375921,-0.15914672376628083,-1.5952832476744396,-0.8911607188020383
0.25543429203147777,1.147024149788183,-1.6053034068233023,-2.4729887825350967
-1.4539747478904674,0.7583567973874114,-1.1261669382496091,-4.558590775490408
0.9769849500583354,0.9225676986021433,1.2541427932532572,8.913446822761397
-0.12660556684460514,0.5106924096723577,-0.7569885169296595,0.22407240456569422
0.11689978799222768,-1.128558725407911,1.5421996389723407,11.425416431581413
-0.16950441234440775,0.13015040440709644,0.272663367191949,4.36681487839167
-0.30649374041782473,1.6355508887234351,-0.2264544215314211,-0.3613178999227181
0.23762279310982148,1.4736516147329821,0.26738520473999206,2.975296622300266
-1.147350475969819,-1.5882673416529858,0.049195322591344307,3.9822677365753516
-1.0559508742716814,-1.1717507239549136,0.8824271748583925,6.240596263360231
1.2723979198992492,-1.2850421089788056,-0.7569288946322793,6.998367787018483
1.5612073933890134,0.7497595681233492,-0.5140809557242643,4.980540134908593
-0.40051622897767336,1.0641145787211939,1.3481918030373692,5.292502881617034
-0.7517755244937123,-1.005006704969496,1.528422494946868,8.89627475647454
0.5265328545795519,-0.00398780038902448,1.3429046338128006,9.757858619749756
-0.2791946003270927,1.1425880855820212,-0.2855404553731325,0.40114577794900635
-1.5920688957064923,0.7731178303791048,0.95673735550572,1.718150306035835
-1.1442258911939187,0.12059802298726233,-0.08973289678738791,0.5364262268284146
0.7730220351602897,0.2853352687053159,-0.016748334720137027,5.280671836514181
0.5776453393786471,0.004599453617057413,-1.02477136329799,2.2815278599120137
-1.5862137996934182,-0.7172515943749141,0.3053899318141322,2.3807010528370562
-0.9188096739289621,0.19861642412620784,-1.0886005254901867,-2.1419573817559314
-0.8876353341318441,0.6227422756051413,-0.588034694226822,-1.2635264075212842
0.6220603736977105,1.2542832905601153,1.213733195322997,6.9788064489585215
-1.6115072102968782,0.44265300499010823,-1.0165253650638286,-4.185509844797086
-1.3224641575182756,0.8700895721867724,-1.484353386668881,-5.4311105523583265
1.0605096040196043,-1.1879920596498483,-1.491756068941381,3.887994739706073
-1.0675384419229064,-0.15566102306520557,1.508899500266557,6.458770119685195
0.5564877399099528,-1.7041476321549023,0.015539635022912666,8.609156317046546
-0.8632921927027785,-0.8914364030615659,-0.32008409228182105,2.2965936816518155
-1.3384481608664556,0.7514093384336304,1.061763348403997,2.7174565510242252
-0.8462046606698488,1.6600000047670336,1.1476320987979762,2.662702609649307
0.7945798827435792,-1.3965003152899607,-0.5858788528751856,6.626587877371008
1.2515440320965752,-0.36132594863926193,0.6581527093355758,10.17217576323263
1.164292777300414,1.0034580488858635,0.9249240328553954,7.897404434505927
-0.3187527761743919,-1.0374529781569681,0.524027047264233,6.853292824480497
0.6090202331444982,0.16459055248426915,-1.2074900136652327,1.3450393709211699
-0.976989041035062,0.774041497646147,1.2855088000640629,4.35507287733795
-0.6750504287895862,0.37312265931192246,0.12628291531950972,2.08898918545693
1.3907240571076098,-1.0922766111239108,-0.7570102621285643,6.9471595842696585
-1.6344826045560523,-0.5192123793347305,-0.2656450403858777,0.021211281423509313
-1.3861648701298068,0.94771577208787,-1.5999604873272442,-6.476964269669694
-0.9670505251949143,0.16165114653824825,-1.2891627145370785,-2.773594313217644
-1.5881446404863089,-1.718193493834298,0.9057312199126348,6.050542438005448
-1.0576382378283498,0.8696417728083269,-1.7292401070872585,-5.6791531114407805
0.3177663902964561,-1.6151892687136156,-0.2954608668996579,6.862093717855458
-0.235733095224255,0.8173996800587776,0.06919951982855878,2.1975482853059223
1.3781753682010798,-1.0427777776098561,-1.5412285189054895,4.405316101682702
1.120537005392771,1.5444814571054453,1.6200541948049798,9.117342480401932
-0.5083686521441707,-0.4762181974558398,-0.9509569236795689,0.4719868929205592
-0.7905480543256185,-0.6166393956186659,-0.6822283760726124,1.0691234348849252
-0.3786556706891325,-1.2262862678493873,-0.6831102416976768,3.2183568725440983
0.34260748186309864,-0.6896674949283584,-0.936186165868194,3.078313421119365
-0.7609574169609471,1.265678315557663,-1.7242072593283209,-5.693477465531459
0.45854919091744256,1.6754921565193086,0.7811241114928473,4.539622814836586
-0.2768743901237852,-0.47495544422205593,1.5986013725715886,9.395533901046067
0.21161807453966566,-0.19999288408622662,-0.957262143078185,1.8923352022233575
-0.18538234600178957,0.7363746844438146,0.5529278113203168,4.1745604428680485
-0.6705364947229976,1.29836183728161,0.8243264787564123,2.536619880388154
1.5692139510328853,0.29456896611536804,1.1909994008482254,11.166208031387052
0.9361555681490342,-0.395459934649137,-0.2745907567033647,6.1966709735428225
-1.1991570620080858,-0.32322369672197776,-0.6865921909496342,-0.5485360581869066
1.2952833821531755,0.6457965069387611,-0.6096145326744916,4.103441474580031
-0.009676163259991573,-1.7250806463810564,0.7235619705952157,9.309056952195242
1.3846156837028842,0.3854628893378508,1.082074192113562,10.318484176104835
1.0603012778301315,-0.5188410591089291,-1.104165005340713,4.1234526201356765
-0.2227568372391564,0.9833458664390564,-0.45250146618715376,0.13345324545654275
-1.602059082991155,-1.4176870707389486,1.3751973653792504,7.082864869176371
-0.7588555781287144,0.27798902889413724,1.0473583703240443,5.071047458625369
0.17595616360544958,-0.08917983771456026,1.660601771830723,9.927769436482926
0.49049984615780046,0.46331488075291616,0.8668418224539608,7.17413644812953
-0.7958076227636715,-1.514032375825132,-0.3759025500680203,3.5882568364699847
-1.201749953665543,0.24984776860360944,0.3036948529561753,1.431552354783781
1.1804246720874065,0.18650383909339088,0.5459304416900693,8.365335331175043
1.692330218772727,0.18368065417771987,-1.4592352896336944,3.015409088123182
0.12135167805790527,0.3303284438772322,0.1448779942166571,4.260043142209342
-1.0910507082931054,0.580223425887796,0.712201636007238,2.350866975648179
-0.7464238115920673,1.0202980969299338,-1.1533603438783735,-3.243007221021944
-1.6160274182704788,-0.8121953487247476,0.9576536653465129,4.453362801740544
1.4522429814770588,1.088987838384398,0.2800653437317199,6.545471746349117
-1.2757418650143868,-0.03000106168443577,1.5482665589766307,5.756326846612786
0.295419538104754,-1.4722417737203068,-1.5832626334833246,2.2933397234195914
-0.7404376934205671,-1.5356136114511663,-0.8160277761009713,2.443574518052376
0.2189156275132319,-0.5916201919552019,0.34126787317592555,6.455481742811897
0.5519474686879571,0.9515001111842625,-0.7085211458451015,1.5275973434927135
1.162655533551604,0.6871012352610965,0.7297673135282441,8.038914361809589
-0.9720677418123742,0.9642310373186409,0.8832154917041781,2.5398021869631595
-1.6413529981243886,0.03510347625712687,-1.3764202780976929,-4.6786448817913415
-1.2102106316723922,-0.22879552977162312,0.03940654845367381,1.6800456321805175
1.4033368434225688,-1.2312017079764093,0.022320778509267225,9.70138098614934
1.3138527794882346,-0.6123210795451935,-0.4582160040100359,6.805183628010225
0.3669854709001351,-0.2499554810785974,1.4818465632186504,10.223023999727967
0.3776150983009434,-1.4327197840375845,1.1189960138179007,11.137575888865884
0.5985799820954802,-0.9806932720990501,0.6705140455036703,9.313550232975096
-1.0784065188181222,0.31230932065330375,0.7294316210638695,3.097670610723592
1.452630456656033,0.7829162573483395,-0.1400535134648698,5.671580366961461
-0.24482249649653076,1.6823855541132349,1.4407823363063461,5.080235377377419
-0.3668535361978093,1.459014304469825,0.6615168154253066,2.679631317308086
0.09815756911208223,0.4641355578610081,0.7798721447185446,5.9587414016119284
-1.51816390500129,-0.2936863000356026,1.2366593274722406,4.726701531596731
-1.1095304297499495,0.44226268927075135,-0.7859259372365509,-1.9087431017324519
0.8485769946681755,0.9540841108006812,1.0486573263770276,7.759763164374524
-1.3954455005147002,-1.3309002449080982,-1.0572621366205412,-0.594419560179986
0.38664019399126387,-0.3325269296844796,-0.5406133985335757,3.8801334743860116
-0.8387492364690077,1.1395038136575733,-0.5741092076807863,-1.7765247153809562
-0.34576699456156496,-0.4218010083100047,1.6388038161968612,9.037520591065467
-0.6903042878954279,0.2220727661595545,1.2189203644216575,5.738907190654138
-0.4609173519847481,0.2765066959610368,0.684146013763206,4.580906415160668
0.7835486391800764,-1.1044271239734758,0.7732487053404167,10.415845793291208
-0.6614404823595059,-0.4957540013107,0.20537400688376517,3.7977224604508124
0.26078892850855806,-0.5906855031123998,1.5306052524221707,10.725328820247709
-0.04865265926136276,-1.6463991337983026,-0.021157877479836395,7.006185656949788
0.5939034407534738,-1.6532643536803042,-0.4195384656674149,7.137724494274896
1.5294060205916522,1.1117502951207925,-1.168112639500108,1.9939972448877585
0.8298726016761958,-0.8010665719164615,0.9768391451079738,10.48759054548029
-0.9428918448162537,0.03787603949182208,0.7986753408396311,4.156152205683024
-1.5722163170168548,-0.7132209577941633,-0.4063303831535856,0.16338743972750883
-0.7808196436179344,1.4849210854336976,-1.642564440878132,-5.833596498985976
0.35898806886763457,-0.8482309113180129,1.1585480546923053,10.131399203465001
-1.5028900000250773,-0.2648934938145731,-1.6899794629337903,-4.747278157763522
0.020924235710009016,1.252253918755285,0.692853989863365,3.9061699398064684
0.36503249032186974,1.1468016280064235,1.6103441315265732,8.084914648910635
-0.534305938642754,-1.0988623253899195,-0.22285017197001786,4.0204439509294705
0.9611782680334708,1.0122661161415665,-0.9205018601029366,1.4806877300303873
-1.313937631152142,-0.16720240186337582,0.6968853641211035,3.405137308479321
-1.4216821977195533,-0.08234530652599072,1.0832743329721957,4.117901045048327
0.8148607103760251,-1.2790457509333464,0.15153260755367892,8.964297936306439
0.017927806964734366,-1.4601092268733329,1.5992545795598792,11.656418005526936
0.6786019736546343,0.7564688262688585,-1.5514364505045548,-0.7663180103034789
-0.18983176187168663,-0.03614579114686324,0.008225938425320498,3.6019090913694334
-0.8351432259001516,-0.24026057637409737,0.74363782462906,4.774530454225507
1.1262178465053754,0.7618410405847774,1.2399277376600624,9.591635586015736
1.0587965170942968,0.8851262294300735,-1.112282464504308,1.5650680847293377
0.7001576684968523,-1.1919759395916505,1.0243312644970737,11.149542781216534
-0.7469792709959616,0.3533985578800789,0.1731372097975345,1.947836568911475
0.34238735319746577,-1.2726285282217351,-0.36434266097206197,6.103803275954104
-0.4427620807124986,0.8367163169245435,-1.275917118697174,-2.7923998946514534
-1.3653644443219892,0.5134088470338942,1.2490672362510327,3.822314976014554
1.462567841664638,1.5394861131667186,-1.187945882588625,1.0554793112172502
-1.210440087686233,-1.4999782428193558,-0.6629905616160586,1.7113490279496557
1.575323883496681,-1.5407368439520654,-0.7309436380357159,8.440509515147056
-0.1515483061293629,-0.7698511654971374,1.2701263354441428,9.05756605704845
